Parameter,Mean,SD
Linf,50.28320551,2.208442055
K,0.483152335,0.043398495
CV_Len,0.145065989,0.007083333
M,0.357175045,0.07343511
Effort,128.1901773,38.54073139
q,0.152076709,0.269169882
GN_SL50,8.987817144,3.917070557
GN_gamma,0.803790136,0.203238079
angler_SL50,50.01920605,4.699313842
angler_gamma,0.469973636,0.389171006
F,19.57269302,37.56783313
p_harvest,0.999088546,0.003081007
CPUE,0.83181615,0.365986033
